id;text;created
1;payment Awesome Concrete Keyboard Health;2020-07-19T16:48:53
2;magenta circuit Unbranded;2020-07-20T00:11:28
3;THX Gorgeous reintermediate;2020-07-19T06:19:48
4;Sharable Operations Borders;2020-07-19T21:45:39
5;South Carolina web-enabled Cape Verde Escudo;2020-07-19T21:04:51
6;Manager Colombia virtual;2020-07-19T07:22:25
7;calculating Plains Plastic;2020-07-19T07:33:33
8;indexing application Knoll;2020-07-19T18:37:59
9;killer lime Horizontal;2020-07-19T17:04:37
10;Small Plastic Fish;2020-07-19T04:25:46
